/*Exo_SQL_POO_PHP_Cinema
Vous travaillez au sein d'une web agency en tant que développeur-intégrateur web. Suite à la commande d’un client (dont le formateur interprétera le rôle), vous vous occupez de la conception d’un wiki de films, de genres cinématographiques et d’acteurs / actrices.
Les films seront identifiés par un identifiant unique, leur titre, leur année de sortie en France, leur durée (en minutes) ainsi que leur réalisateur (unique). Un résumé du film (synopsis) pourra éventuellement être renseigné, une note (sur 5) ainsi qu’une affiche du film.
Chaque film pourra posséder un ou plusieurs genres cinématographiques (science-fiction, aventure, action, …) identifiés par un numéro unique et un libellé.
Votre base de données devra recenser également les acteurs de chacun des films. On désire connaître le nom, le prénom, le sexe et la date de naissance de l’acteur ainsi que le rôle (nom du personnage) joué par l’acteur dans le(s) film(s) concerné(s).
Travail à réaliser :
1.	Réalisez le MCD d’une telle gestion des données. Vérifiez-le auprès du formateur.
2.	Créez et remplissez la base de données.
*/
CREATE DATABASE IF NOT EXISTS `cinema` DEFAULT CHARACTER SET utf8 COLLATE utf8_bin;
USE `cinema`;

CREATE TABLE IF NOT EXISTS  Personne(
   id_personne INT AUTO_INCREMENT NOT NULL,
   prenom VARCHAR(255) NOT NULL,
   nom VARCHAR(255) NOT NULL,
   sexe VARCHAR(255) NOT NULL,
   date_naissance DATE NOT NULL,
   PRIMARY KEY(id_personne)
);

CREATE TABLE IF NOT EXISTS  Acteur(
   id_acteur INT AUTO_INCREMENT NOT NULL,
   id_personne INT NOT NULL,
   PRIMARY KEY(id_acteur),
   UNIQUE(id_personne),
   FOREIGN KEY(id_personne) REFERENCES Personne(id_personne)
);

CREATE TABLE IF NOT EXISTS  Realisateur(
   id_realisateur INT AUTO_INCREMENT NOT NULL,
   id_personne INT NOT NULL,
   PRIMARY KEY(id_realisateur),
   UNIQUE(id_personne),
   FOREIGN KEY(id_personne) REFERENCES Personne(id_personne)
);

CREATE TABLE IF NOT EXISTS  Film(
   id_film INT AUTO_INCREMENT NOT NULL,
   titre VARCHAR(255) NOT NULL,
   date_sortie_fr DATE NOT NULL,
   duree INT NOT NULL,
   synopsis TEXT NOT NULL,
   id_realisateur INT NOT NULL,
   PRIMARY KEY(id_film),
   FOREIGN KEY(id_realisateur) REFERENCES Realisateur(id_realisateur)
);

CREATE TABLE IF NOT EXISTS  Genre(
   id_genre INT AUTO_INCREMENT NOT NULL,
   nom_genre VARCHAR(255) NOT NULL,
   PRIMARY KEY(id_genre)
);

CREATE TABLE IF NOT EXISTS  Role(
   id_role INT AUTO_INCREMENT NOT NULL,
   nom_personnage VARCHAR(255) NOT NULL,
   PRIMARY KEY(id_role)
);

CREATE TABLE IF NOT EXISTS  film_genres(
   id_film INT NOT NULL,
   id_genre INT NOT NULL,
   PRIMARY KEY(id_film, id_genre),
   FOREIGN KEY(id_film) REFERENCES Film(id_film),
   FOREIGN KEY(id_genre) REFERENCES Genre(id_genre)
);

CREATE TABLE IF NOT EXISTS  Casting(
   id_acteur INT NOT NULL,
   id_film INT NOT NULL,
   id_role INT NOT NULL,
   PRIMARY KEY(id_acteur, id_film, id_role),
   FOREIGN KEY(id_acteur) REFERENCES Acteur(id_acteur),
   FOREIGN KEY(id_film) REFERENCES Film(id_film),
   FOREIGN KEY(id_role) REFERENCES Role(id_role)
);

-- Insertion des données
INSERT IGNORE INTO Personne(prenom, nom, sexe, date_naissance) VALUES
('Al', 'Pacino', 'M', '1940-04-25'),
('Andy', 'Lau', 'M', '1961-09-27'),
('Angelina', 'Jolie', 'F', '1975-06-04'),
('Arnold', 'Schwarzenegger', 'M', '1947-07-30'),
('Brad', 'Pitt', 'M', '1963-12-18'),
('Bruce', 'Willis', 'M', '1955-03-19'),
('Cate', 'Blanchett', 'F', '1969-05-14'),
('Chow', 'Yun-Fat', 'M', '1955-05-18'),
('Clint', 'Eastwood', 'M', '1930-05-31'),
('Denzel', 'Washington', 'M', '1954-12-28'),
('George', 'Clooney', 'M', '1961-05-06'),
('Gong', 'Li', 'F', '1965-12-31'),
('Harrison', 'Ford', 'M', '1942-07-13'),
('Haruma', 'Miura', 'M', '1990-04-05'),
('Hiroyuki', 'Sanada', 'M', '1960-10-12'),
('Jackie', 'Chan', 'M', '1954-04-07'),
('James', 'Cameron', 'M', '1954-08-16'),
('Jet', 'Li', 'M', '1963-04-26'),
('Johnny', 'Depp', 'M', '1963-06-09'),
('Julia', 'Roberts', 'F', '1967-10-28'),
('Jun', 'Matsumoto', 'M', '1983-08-30'),
('Kate', 'Winslet', 'F', '1975-10-05'),
('Kazunari', 'Ninomiya', 'M', '1983-06-17'),
('Kazuya', 'Kamenashi', 'M', '1986-02-23'),
('Ken', 'Watanabe', 'M', '1959-10-21'),
('Ko', 'Shibasaki', 'F', '1981-08-05'),
('Koji', 'Yakusho', 'M', '1956-01-01'),
('Kou', 'Shibasaki', 'F', '1981-08-05'),
('Leonardo', 'DiCaprio', 'M', '1974-11-11'),
('Lucy', 'Liu', 'F', '1968-12-02'),
('Mao', 'Inoue', 'F', '1987-01-09'),
('Masami', 'Nagasawa', 'F', '1987-06-03'),
('Meryl', 'Streep', 'F', '1949-06-22'),
('Michelle', 'Yeoh', 'F', '1962-08-06'),
('Morgan', 'Freeman', 'M', '1937-06-01'),
('Nicole', 'Kidman', 'F', '1967-06-20'),
('Quentin', 'Tarantino', 'M', '1963-03-27'),
('Rinko', 'Kikuchi', 'F', '1981-01-06'),
('Robert', 'De Niro', 'M', '1943-08-17'),
('Satoshi', 'Tsumabuki', 'M', '1980-12-13'),
('Shun', 'Oguri', 'M', '1982-12-26'),
('Sigourney', 'Weaver', 'F', '1949-10-08'),
('Stephen', 'Chow', 'M', '1962-06-22'),
('Steven', 'Spielberg', 'M', '1946-12-18'),
('Sylvester', 'Stallone', 'M', '1946-07-06'),
('Tadanobu', 'Asano', 'M', '1973-11-27'),
('Takayuki', 'Yamada', 'M', '1983-10-20'),
('Takeru', 'Sato', 'M', '1989-03-21'),
('Takeshi', 'Kitano', 'M', '1947-01-18'),
('Takuya', 'Kimura', 'M', '1972-11-13'),
('Tim', 'Burton', 'M', '1958-08-25'),
('Tom', 'Cruise', 'M', '1962-07-03'),
('Tony', 'Leung', 'M', '1962-06-27'),
('Yui', 'Aragaki', 'F', '1988-06-11'),
('Yusuke', 'Iseya', 'M', '1976-05-29'),
('Zhang', 'Ziyi', 'F', '1979-02-09');

INSERT IGNORE INTO Realisateur(id_realisateur, id_personne) VALUES
(1,4),
(2,5),
(3,6),
(4,7),
(5,8),
(6,9),
(7,4),
(8,15),
(9,23),
(10,24);

INSERT IGNORE INTO Acteur(id_personne) VALUES
(1),
(2),
(3),
(4),
(5),
(6),
(7),
(8),
(9),
(10),
(11),
(12),
(13),
(16),
(17),
(18),
(19),
(20),
(21),
(22),
(25),
(26),
(27),
(28),
(29),
(30),
(31),
(32),
(33),
(34),
(35),
(36),
(37),
(38),
(39),
(40),
(41),
(42),
(43),
(44),
(45),
(46),
(47),
(48),
(49),
(50),
(51),
(52),
(53),
(54),
(55),
(56);

INSERT IGNORE INTO Film(titre, date_sortie_fr, duree, synopsis, id_realisateur) VALUES
('Pirates des Caraïbes : La Malédiction du Black Pearl', '2003-07-13', 143, 'Le pirate Jack Sparrow part à la recherche du trésor du Black Pearl.', 1),
('Pirates des Caraïbes : Le Secret du coffre maudit', '2006-07-12', 150, 'Jack Sparrow est à la recherche du coffre de Davy Jones.', 3),
('Pirates des Caraïbes : Jusqu''au bout du monde', '2007-05-23', 168, 'Jack Sparrow et ses amis partent à la recherche de la Fontaine de Jouvence.', 3),
('Pirates des Caraïbes : La Fontaine de Jouvence', '2011-05-18', 136, 'Jack Sparrow est à la recherche de la Fontaine de Jouvence.', 1),
('Mission: Impossible', '1996-09-18', 110, 'L''agent secret Ethan Hunt est accusé d''avoir trahi son pays.', 2),
('Mission: Impossible 2', '2000-05-24', 123, 'Ethan Hunt doit affronter un ancien agent devenu terroriste.', 2),
('Mission: Impossible 3', '2006-05-03', 126, 'Ethan Hunt doit sauver sa femme des griffes d''un trafiquant d''armes.', 5),
('Mission: Impossible - Protocole Fantôme', '2011-12-14', 133, 'Ethan Hunt doit prouver l''innocence de son équipe.', 2),
('Mission: Impossible - Rogue Nation', '2015-07-30', 131, 'Ethan Hunt doit affronter une organisation secrète.', 2),
('Mission: Impossible - Fallout', '2018-08-01', 147, 'Ethan Hunt doit empêcher une catastrophe mondiale.', 5),
('Mr. & Mrs. Smith', '2005-06-15', 120, 'Un couple découvre que chacun est un agent secret.', 3),
('Les Aventures de Tintin : Le Secret de la Licorne', '2011-10-26', 107, 'Tintin part à la recherche d''un trésor caché.', 4),
('Inception', '2010-07-16', 148, 'Un voleur spécialisé dans l''extraction d''informations se retrouve embarqué dans un projet d''inception.', 5), 
('Interstellar', '2014-11-05', 169, 'Un groupe d''explorateurs voyage à travers l''espace pour trouver une nouvelle planète habitable.', 5), 
('The Dark Knight', '2008-07-16', 152, 'Batman affronte le Joker, un criminel psychopathe.', 6), 
('The Prestige', '2006-10-20', 130, 'Deux magiciens rivaux se lancent dans une compétition pour réaliser le meilleur tour.', 6), 
('Fight Club', '1999-10-15', 139, 'Un homme dépressif rejoint un club de combat clandestin.', 7), 
('Se7en', '1995-09-22', 127, 'Deux détectives traquent un tueur en série qui commet des meurtres en se basant sur les sept péchés capitaux.', 7), 
('Gone Girl', '2014-10-01', 149, 'Un homme devient le principal suspect dans la disparition de sa femme.', 8), 
('The Social Network', '2010-10-01', 120, 'L''histoire de la création de Facebook.', 8), 
('The Shawshank Redemption', '1994-09-23', 142, 'Un homme innocent est condamné à la prison à vie.', 9), 
('The Green Mile', '1999-12-10', 189, 'Les histoires des gardiens et des prisonniers d''une prison.', 9),
('The Lord of the Rings: The Fellowship of the Ring', '2001-12-19', 178, 'Un jeune hobbit part en quête d''un anneau magique.', 10),
('The Lord of the Rings: The Two Towers', '2002-12-18', 179, 'Les aventures du hobbit Frodon et de ses compagnons se poursuivent.', 10),
('The Lord of the Rings: The Return of the King', '2003-12-17', 201, 'La bataille finale pour la Terre du Milieu.', 10),
('The Hobbit: An Unexpected Journey', '2012-12-12', 169, 'Le hobbit Bilbo Baggins part à l''aventure avec une compagnie de nains.', 4),
('The Hobbit: The Desolation of Smaug', '2013-12-11', 161, 'Bilbo et les nains affrontent le dragon Smaug.', 4),
('The Hobbit: The Battle of the Five Armies', '2014-12-17', 144, 'La bataille finale pour la Montagne Solitaire.', 4),
('The Curious Case of Benjamin Button', '2008-12-25', 166, 'Un homme naît vieux et rajeunit au fil des ans.', 10),
('Titanic', '1997-12-19', 195, 'L''histoire d''amour entre Jack et Rose à bord du Titanic.', 10),
('Revolutionary Road', '2008-12-30', 119, 'Un couple tente de fuir la banalité de la vie de banlieue.', 11),
('The Aviator', '2004-12-17', 170, 'La vie du magnat de l''aviation Howard Hughes.', 1),
('The Departed', '2006-10-06', 151, 'Un policier infiltré et un criminel se livrent une guerre sans merci.', 1),
('The Wolf of Wall Street', '2013-12-25', 180, 'L''ascension et la chute du courtier en bourse Jordan Belfort.', 1),
('Ocean''s Eleven', '2001-12-07', 116, 'Un groupe de braqueurs tente de voler trois casinos en une nuit.', 2),
('Ocean''s Twelve', '2004-12-10', 125, 'Un voleur doit rembourser un casino en volant des œuvres d''art.', 2),
('Ocean''s Thirteen', '2007-06-08', 122, 'Un groupe de braqueurs se venge d''un propriétaire de casino.', 3),
('Erin Brockovich', '2000-03-17', 131, 'Une mère célibataire se bat contre une compagnie d''énergie.', 3);


INSERT IGNORE INTO Genre(nom_genre) VALUES
('Action'),
('Aventure'),
('Comédie'),
('Drame'),
('Fantastique'),
('Science-fiction'),
('Thriller'),
('Horreur'),
('Romance'),
('Animation'),
('Biographie'),
('Documentaire'),
('Musical'),
('Mystère'),
('Guerre'),
('Western'),
('Policier'),
('Historique'),
('Sport'),
('Famille'),
('Fantasy');

INSERT IGNORE INTO film_genres(id_film, id_genre) VALUES
(1,1),
(1,12),
(1,5),
(10,11),
(10,14),
(10,9),
(11,11),
(11,17),
(11,5),
(11,8),
(12,13),
(12,19),
(12,21),
(12,9),
(13,15),
(13,19),
(13,2),
(14,1),
(14,3),
(14,9),
(15,11),
(15,12),
(15,15),
(16,17),
(16,19),
(16,2),
(16,3),
(16,5),
(17,15),
(17,19),
(17,4),
(17,6),
(18,1),
(18,10),
(18,12),
(18,21),
(18,5),
(19,14),
(19,18),
(19,3),
(19,7),
(2,10),
(2,13),
(2,2),
(2,3),
(20,11),
(20,12),
(20,17),
(21,18),
(21,2),
(21,4),
(21,7),
(22,10),
(22,15),
(22,17),
(22,19),
(22,9),
(23,17),
(23,19),
(23,4),
(24,1),
(24,21),
(24,8),
(24,9),
(25,17),
(25,18),
(25,21),
(25,6),
(26,20),
(26,5),
(26,7),
(27,11),
(27,14),
(27,7),
(28,10),
(28,11),
(28,15),
(28,17),
(29,11),
(29,3),
(29,5),
(3,11),
(3,12),
(3,19),
(3,21),
(30,13),
(30,15),
(30,3),
(30,5),
(31,3),
(31,9),
(32,13),
(32,15),
(32,21),
(33,13),
(33,14),
(33,17),
(33,2),
(33,20),
(34,14),
(34,19),
(34,6),
(35,1),
(35,13),
(35,14),
(35,15),
(35,17),
(35,8),
(36,12),
(36,15),
(36,16),
(36,17),
(36,8),
(37,10),
(37,16),
(37,19),
(37,7),
(38,12),
(38,14),
(38,16),
(38,17),
(38,21),
(38,7),
(38,9),
(4,11),
(4,15),
(4,20),
(4,7),
(4,8),
(5,10),
(5,19),
(5,7),
(5,8),
(6,14),
(6,18),
(6,21),
(6,5),
(6,8),
(7,13),
(7,8),
(8,10),
(8,12),
(8,21),
(8,5),
(9,12),
(9,14),
(9,6);

INSERT IGNORE INTO Role(nom_personnage) VALUES
('Angelica'),
('Barbossa'),
('Benji Dunn'),
('Blackbeard'),
('Bootstrap Bill'),
('Claire Phelps'),
('Cotton'),
('Cutler Beckett'),
('Davy Jones'),
('Elizabeth Swann'),
('Ethan Hunt'),
('Eugene Kittridge'),
('Gibbs'),
('Ilsa Faust'),
('Jack Sparrow'),
('James Norrington'),
('John Musgrave'),
('Joshamee Gibbs'),
('Julia Meade'),
('Luther Stickell'),
('Marty'),
('Mullroy'),
('Murtogg'),
('Owen Davian'),
('Pintel'),
('Ragetti'),
('Scratch'),
('Tia Dalma'),
('Will Turner'),
('William Brandt');

-- code sql généré par le code le programme php insertIntoCasting.php
-- INSERT IGNORE INTO Casting (id_film, id_acteur, id_role ) VALUES



   
   